{
  "gauges": {
    "gc.Copy.count": {
      "t": "1449047539",
      "value": "39"
    },
    "gc.Copy.time": {
      "t": "1449047539",
      "value": "1070"
    },
    "gc.MarkSweepCompact.count": {
      "t": "1449047539",
      "value": "4"
    },
    "gc.MarkSweepCompact.time": {
      "t": "1449047539",
      "value": "698"
    },
    "memory.heap.committed": {
      "t": "1449047539",
      "value": "1037959168"
    },
    "memory.heap.init": {
      "t": "1449047539",
      "value": "1073741824"
    },
    "memory.heap.max": {
      "t": "1449047539",
      "value": "1037959168"
    },
    "memory.heap.usage": {
      "t": "1449047539",
      "value": "0.24621723077260782"
    },
    "memory.heap.used": {
      "t": "1449047539",
      "value": "255571640"
    },
    "memory.non-heap.committed": {
      "t": "1449047539",
      "value": "67174400"
    },
    "memory.non-heap.init": {
      "t": "1449047539",
      "value": "163840"
    },
    "memory.non-heap.max": {
      "t": "1449047539",
      "value": "-1"
    },
    "memory.non-heap.usage": {
      "t": "1449047539",
      "value": "-6.362928E7"
    },
    "memory.non-heap.used": {
      "t": "1449047539",
      "value": "63629280"
    },
    "memory.pools.Code-Cache.committed": {
      "t": "1449047539",
      "value": "4259840"
    },
    "memory.pools.Code-Cache.init": {
      "t": "1449047539",
      "value": "163840"
    },
    "memory.pools.Code-Cache.max": {
      "t": "1449047539",
      "value": "33554432"
    },
    "memory.pools.Code-Cache.usage": {
      "t": "1449047539",
      "value": "0.08512115478515625"
    },
    "memory.pools.Code-Cache.used": {
      "t": "1449047539",
      "value": "2856192"
    },
    "memory.pools.Eden-Space.committed": {
      "t": "1449047539",
      "value": "286326784"
    },
    "memory.pools.Eden-Space.init": {
      "t": "1449047539",
      "value": "286326784"
    },
    "memory.pools.Eden-Space.max": {
      "t": "1449047539",
      "value": "286326784"
    },
    "memory.pools.Eden-Space.usage": {
      "t": "1449047539",
      "value": "0.4675643617049811"
    },
    "memory.pools.Eden-Space.used": {
      "t": "1449047539",
      "value": "133891224"
    },
    "memory.pools.Metaspace.committed": {
      "t": "1449047539",
      "value": "62914560"
    },
    "memory.pools.Metaspace.init": {
      "t": "1449047539",
      "value": "0"
    },
    "memory.pools.Metaspace.max": {
      "t": "1449047539",
      "value": "-1"
    },
    "memory.pools.Metaspace.usage": {
      "t": "1449047539",
      "value": "0.9659622192382813"
    },
    "memory.pools.Metaspace.used": {
      "t": "1449047539",
      "value": "60773088"
    },
    "memory.pools.Survivor-Space.committed": {
      "t": "1449047539",
      "value": "35782656"
    },
    "memory.pools.Survivor-Space.init": {
      "t": "1449047539",
      "value": "35782656"
    },
    "memory.pools.Survivor-Space.max": {
      "t": "1449047539",
      "value": "35782656"
    },
    "memory.pools.Survivor-Space.usage": {
      "t": "1449047539",
      "value": "0.08912921388507326"
    },
    "memory.pools.Survivor-Space.used": {
      "t": "1449047539",
      "value": "3189280"
    },
    "memory.pools.Tenured-Gen.committed": {
      "t": "1449047539",
      "value": "715849728"
    },
    "memory.pools.Tenured-Gen.init": {
      "t": "1449047539",
      "value": "715849728"
    },
    "memory.pools.Tenured-Gen.max": {
      "t": "1449047539",
      "value": "715849728"
    },
    "memory.pools.Tenured-Gen.usage": {
      "t": "1449047539",
      "value": "0.16577354067249153"
    },
    "memory.pools.Tenured-Gen.used": {
      "t": "1449047539",
      "value": "118668944"
    },
    "memory.total.committed": {
      "t": "1449047539",
      "value": "1105133568"
    },
    "memory.total.init": {
      "t": "1449047539",
      "value": "1073905664"
    },
    "memory.total.max": {
      "t": "1449047539",
      "value": "1037959167"
    },
    "memory.total.used": {
      "t": "1449047539",
      "value": "319607856"
    },
    "threads.blocked.count": {
      "t": "1449047539",
      "value": "0"
    },
    "threads.count": {
      "t": "1449047539",
      "value": "38"
    },
    "threads.daemon.count": {
      "t": "1449047539",
      "value": "20"
    },
    "threads.deadlock.count": {
      "t": "1449047539",
      "value": "0"
    },
    "threads.deadlocks": {
      "t": "1449047539",
      "value": "[]"
    },
    "threads.new.count": {
      "t": "1449047539",
      "value": "0"
    },
    "threads.runnable.count": {
      "t": "1449047539",
      "value": "11"
    },
    "threads.terminated.count": {
      "t": "1449047539",
      "value": "0"
    },
    "threads.timed_waiting.count": {
      "t": "1449047539",
      "value": "10"
    },
    "threads.waiting.count": {
      "t": "1449047539",
      "value": "17"
    }
  },
  "timers": {
    "com.dbs.ead.code.command.CodeCommand.searchCodeProcessTimer": {
      "t": "1448968065",
      "count": "1",
      "max": "44.224603",
      "mean": "44.224603",
      "min": "44.224603",
      "stddev": "0.000000",
      "p50": "44.224603",
      "p75": "44.224603",
      "p95": "44.224603",
      "p98": "44.224603",
      "p99": "44.224603",
      "p999": "44.224603",
      "mean_rate": "0.000245",
      "m1_rate": "0.000000",
      "m5_rate": "0.000095",
      "m15_rate": "0.000339",
      "rate_unit": "calls/second",
      "duration_unit": "milliseconds"
    },
    "com.dbs.ead.code.command.CodeCommand.viewUpdateCodeTimer": {
      "t": "1448968065",
      "count": "0",
      "max": "0.000000",
      "mean": "0.000000",
      "min": "0.000000",
      "stddev": "0.000000",
      "p50": "0.000000",
      "p75": "0.000000",
      "p95": "0.000000",
      "p98": "0.000000",
      "p99": "0.000000",
      "p999": "0.000000",
      "mean_rate": "0.000000",
      "m1_rate": "0.000000",
      "m5_rate": "0.000000",
      "m15_rate": "0.000000",
      "rate_unit": "calls/second",
      "duration_unit": "milliseconds"
    }
  }
}