{
  "version": "3.0.0",
  "timer": {
    "com.dbs.ead.code.command.CodeCommand.searchCodeProcessTimer": {
      "t": "1447209360",
      "count": "9",
      "max": "17.833820",
      "mean": "5.758163",
      "min": "3.558971",
      "stddev": "4.609914",
      "p50": "4.054542",
      "p75": "5.586242",
      "p95": "17.833820",
      "p98": "17.833820",
      "p99": "17.833820",
      "p999": "17.833820",
      "mean_rate": "0.004999",
      "m1_rate": "0.000000",
      "m5_rate": "0.000152",
      "m15_rate": "0.001711",
      "rate_unit": "calls/second",
      "duration_unit": "milliseconds"
    }
  }
}