{
  "version": "3.0.0",
  "gauges": {
    "gc.Copy.count": {
      "value": 23
    },
    "gc.Copy.time": {
      "value": 754
    },
    "gc.MarkSweepCompact.count": {
      "value": 3
    },
    "gc.MarkSweepCompact.time": {
      "value": 263
    },
    "memory.heap.committed": {
      "value": 1037959168
    },
    "memory.heap.init": {
      "value": 1073741824
    },
    "memory.heap.max": {
      "value": 1037959168
    },
    "memory.heap.usage": {
      "value": 0.2803054387588395
    },
    "memory.heap.used": {
      "value": 290945600
    },
    "memory.non-heap.committed": {
      "value": 56426496
    },
    "memory.non-heap.init": {
      "value": 163840
    },
    "memory.non-heap.max": {
      "value": -1
    },
    "memory.non-heap.usage": {
      "value": -5.0437856E7
    },
    "memory.non-heap.used": {
      "value": 50437856
    },
    "memory.pools.Code-Cache.committed": {
      "value": 6488064
    },
    "memory.pools.Code-Cache.init": {
      "value": 163840
    },
    "memory.pools.Code-Cache.max": {
      "value": 33554432
    },
    "memory.pools.Code-Cache.usage": {
      "value": 0.08209037780761719
    },
    "memory.pools.Code-Cache.used": {
      "value": 2754496
    },
    "memory.pools.Eden-Space.committed": {
      "value": 286326784
    },
    "memory.pools.Eden-Space.init": {
      "value": 286326784
    },
    "memory.pools.Eden-Space.max": {
      "value": 286326784
    },
    "memory.pools.Eden-Space.usage": {
      "value": 0.3984570021922923
    },
    "memory.pools.Eden-Space.used": {
      "value": 114088912
    },
    "memory.pools.Metaspace.committed": {
      "value": 49938432
    },
    "memory.pools.Metaspace.init": {
      "value": 0
    },
    "memory.pools.Metaspace.max": {
      "value": -1
    },
    "memory.pools.Metaspace.usage": {
      "value": 0.9548429554215879
    },
    "memory.pools.Metaspace.used": {
      "value": 47683360
    },
    "memory.pools.Survivor-Space.committed": {
      "value": 35782656
    },
    "memory.pools.Survivor-Space.init": {
      "value": 35782656
    },
    "memory.pools.Survivor-Space.max": {
      "value": 35782656
    },
    "memory.pools.Survivor-Space.usage": {
      "value": 0.45091253147893773
    },
    "memory.pools.Survivor-Space.used": {
      "value": 16134848
    },
    "memory.pools.Tenured-Gen.committed": {
      "value": 715849728
    },
    "memory.pools.Tenured-Gen.init": {
      "value": 715849728
    },
    "memory.pools.Tenured-Gen.max": {
      "value": 715849728
    },
    "memory.pools.Tenured-Gen.usage": {
      "value": 0.22451896496355167
    },
    "memory.pools.Tenured-Gen.used": {
      "value": 160721840
    },
    "memory.total.committed": {
      "value": 1094385664
    },
    "memory.total.init": {
      "value": 1073905664
    },
    "memory.total.max": {
      "value": 1037959167
    },
    "memory.total.used": {
      "value": 341383456
    },
    "threads.blocked.count": {
      "value": 0
    },
    "threads.count": {
      "value": 40
    },
    "threads.daemon.count": {
      "value": 22
    },
    "threads.deadlock.count": {
      "value": 0
    },
    "threads.deadlocks": {
      "value": []
    },
    "threads.new.count": {
      "value": 0
    },
    "threads.runnable.count": {
      "value": 11
    },
    "threads.terminated.count": {
      "value": 0
    },
    "threads.timed_waiting.count": {
      "value": 11
    },
    "threads.waiting.count": {
      "value": 18
    }
  },
  "counters": {},
  "histograms": {},
  "meters": {},
  "timers": {
    "com.dbs.ead.code.command.CodeCommand.searchCodeProcessTimer": {
      "count": 0,
      "max": 0.0,
      "mean": 0.0,
      "min": 0.0,
      "p50": 0.0,
      "p75": 0.0,
      "p95": 0.0,
      "p98": 0.0,
      "p99": 0.0,
      "p999": 0.0,
      "stddev": 0.0,
      "m15_rate": 0.0,
      "m1_rate": 0.0,
      "m5_rate": 0.0,
      "mean_rate": 0.0,
      "duration_units": "seconds",
      "rate_units": "calls/second"
    },
    "com.dbs.ead.code.command.CodeCommand.viewUpdateCodeTimer": {
      "count": 0,
      "max": 0.0,
      "mean": 0.0,
      "min": 0.0,
      "p50": 0.0,
      "p75": 0.0,
      "p95": 0.0,
      "p98": 0.0,
      "p99": 0.0,
      "p999": 0.0,
      "stddev": 0.0,
      "m15_rate": 0.0,
      "m1_rate": 0.0,
      "m5_rate": 0.0,
      "mean_rate": 0.0,
      "duration_units": "seconds",
      "rate_units": "calls/second"
    }
  }
}